split,accuracy
0,0.9285714285714286
1,0.8571428571428571
2,1.0
3,0.8571428571428571
4,0.6428571428571429
