split,accuracy
0,1.0
1,0.7142857142857143
2,0.7857142857142857
3,0.7142857142857143
4,0.9285714285714286
