split,accuracy
0,0.7857142857142857
1,0.9285714285714286
2,0.9285714285714286
3,1.0
4,0.8571428571428571
