split,accuracy
0,1.0
1,0.8571428571428571
2,1.0
3,0.9285714285714286
4,1.0
