split,accuracy
0,0.6428571428571429
1,0.7857142857142857
2,0.7857142857142857
3,0.9285714285714286
4,0.9285714285714286
