split,accuracy
0,0.9285714285714286
1,0.6428571428571429
2,0.9285714285714286
3,0.8571428571428571
4,0.7857142857142857
