split,accuracy
0,0.9285714285714286
1,0.8571428571428571
2,0.8571428571428571
3,0.7142857142857143
4,0.9285714285714286
