split,accuracy
0,0.7857142857142857
1,0.7857142857142857
2,0.8571428571428571
3,0.8571428571428571
4,1.0
