split,accuracy
0,0.6428571428571429
1,0.8571428571428571
2,0.7142857142857143
3,0.9285714285714286
4,0.8571428571428571
