split,accuracy
0,0.9285714285714286
1,0.7857142857142857
2,1.0
3,1.0
4,1.0
