split,accuracy
0,1.0
1,0.9285714285714286
2,1.0
3,1.0
4,0.9285714285714286
