split,accuracy
0,0.8571428571428571
1,0.9285714285714286
2,0.7857142857142857
3,0.9285714285714286
4,0.8571428571428571
