split,accuracy
0,0.8571428571428571
1,0.8571428571428571
2,1.0
3,1.0
4,0.6428571428571429
