split,accuracy
0,1.0
1,0.7142857142857143
2,0.8571428571428571
3,0.7857142857142857
4,0.8571428571428571
