split,accuracy
0,0.8571428571428571
1,0.7857142857142857
2,0.8571428571428571
3,0.9285714285714286
4,1.0
