split,accuracy
0,0.8571428571428571
1,0.8571428571428571
2,0.8571428571428571
3,0.8571428571428571
4,0.7142857142857143
