split,accuracy
0,1.0
1,0.6428571428571429
2,0.6428571428571429
3,0.7142857142857143
4,0.8571428571428571
