split,accuracy
0,0.5714285714285714
1,0.7142857142857143
2,0.8571428571428571
3,1.0
4,0.8571428571428571
