split,accuracy
0,0.9285714285714286
1,0.8571428571428571
2,0.9285714285714286
3,1.0
4,1.0
