split,accuracy
0,0.9285714285714286
1,0.9285714285714286
2,0.9285714285714286
3,0.9285714285714286
4,0.7857142857142857
