split,accuracy
0,1.0
1,1.0
2,1.0
3,0.9285714285714286
4,0.9285714285714286
